Workbook

Sheet Sheet1
A1: Student_ID | B1: Name | C1: Department | D1: Mark 1 | E1: Mark 2 | F1: Mark 3 | G1: Mark 4 | H1: Mark 5 | I1: ATTENDENCE(%) | J1: Total Marks | K1: Average | L1: Marks Result (Pass/Fail) | M1: MARK | N1: GRADE | O1: ATTENDANCE
A2: 101 | B2: anu | C2: III DS | D2: 100 | E2: 92 | F2: 88 | G2: 78 | H2: 90 | I2: 0.85 | J2: =SUM(D2:H2) -> 448 | K2: =AVERAGE(D2:H2) -> 89.6 | L2: =IF(MIN(D2:H2)>=50,"PASS","FAIL") -> PASS | M2: 48 | N2: =IF(M2>=85,"A",IF(M2>=70,"B",IF(M2>=50,"C","F"))) -> F | O2: =IF(I2<75%,"Not Eligible","Eligible") -> Eligible
A3: 102 | B3: kavi | C3: AIDS | D3: 80 | E3: 20 | F3: 99 | G3: 78 | H3: 35 | I3: 0.75 | J3: =SUM(D3:H3) -> 312 | K3: =AVERAGE(D3:H3) -> 62.4 | L3: =IF(MIN(D3:H3)>=50,"PASS","FAIL") -> FAIL | M3: 49 | N3: =IF(M3>=85,"A",IF(M3>=70,"B",IF(M3>=50,"C","F"))) -> F | O3: =IF(I3<75%,"Not Eligible","Eligible") -> Eligible
A4: 103 | B4: sami | C4: MATHS | D4: 100 | E4: 10 | F4: 78 | G4: 70 | H4: 23 | I4: 0.65 | J4: =SUM(D4:H4) -> 281 | K4: =AVERAGE(D4:H4) -> 56.2 | L4: =IF(MIN(D4:H4)>=50,"PASS","FAIL") -> FAIL | M4: 52 | N4: =IF(M4>=85,"A",IF(M4>=70,"B",IF(M4>=50,"C","F"))) -> C | O4: =IF(I4<75%,"Not Eligible","Eligible") -> Not Eligible
A5: 104 | B5: karthik | C5: ME | D5: 90 | E5: 35 | F5: 98 | G5: 97 | H5: 78 | I5: 0.76 | J5: =SUM(D5:H5) -> 398 | K5: =AVERAGE(D5:H5) -> 79.6 | L5: =IF(MIN(D5:H5)>=50,"PASS","FAIL") -> FAIL | M5: 55 | N5: =IF(M5>=85,"A",IF(M5>=70,"B",IF(M5>=50,"C","F"))) -> C | O5: =IF(I5<75%,"Not Eligible","Eligible") -> Eligible
A6: 105 | B6: jasmine | C6: AIDS | D6: 89 | E6: 35 | F6: 70 | G6: 89 | H6: 90 | I6: 0.54 | J6: =SUM(D6:H6) -> 373 | K6: =AVERAGE(D6:H6) -> 74.6 | L6: =IF(MIN(D6:H6)>=50,"PASS","FAIL") -> FAIL | M6: 69 | N6: =IF(M6>=85,"A",IF(M6>=70,"B",IF(M6>=50,"C","F"))) -> C | O6: =IF(I6<75%,"Not Eligible","Eligible") -> Not Eligible
A7: 106 | B7: karthika | C7: AIDS | D7: 100 | E7: 99 | F7: 78 | G7: 86 | H7: 78 | I7: 0.67 | J7: =SUM(D7:H7) -> 441 | K7: =AVERAGE(D7:H7) -> 88.2 | L7: =IF(MIN(D7:H7)>=50,"PASS","FAIL") -> PASS | M7: 70 | N7: =IF(M7>=85,"A",IF(M7>=70,"B",IF(M7>=50,"C","F"))) -> B | O7: =IF(I7<75%,"Not Eligible","Eligible") -> Not Eligible
A8: 107 | B8: jerlin | C8: III DS | D8: 100 | E8: 90 | F8: 89 | G8: 72 | H8: 90 | I8: 0.87 | J8: =SUM(D8:H8) -> 441 | K8: =AVERAGE(D8:H8) -> 88.2 | L8: =IF(MIN(D8:H8)>=50,"PASS","FAIL") -> PASS | M8: 74 | N8: =IF(M8>=85,"A",IF(M8>=70,"B",IF(M8>=50,"C","F"))) -> B | O8: =IF(I8<75%,"Not Eligible","Eligible") -> Eligible
A9: 108 | B9: vasu | C9: M PHIL | D9: 92 | E9: 12 | F9: 72 | G9: 90 | H9: 23 | I9: 0.76 | J9: =SUM(D9:H9) -> 289 | K9: =AVERAGE(D9:H9) -> 57.8 | L9: =IF(MIN(D9:H9)>=50,"PASS","FAIL") -> FAIL | M9: 85 | N9: =IF(M9>=85,"A",IF(M9>=70,"B",IF(M9>=50,"C","F"))) -> A | O9: =IF(I9<75%,"Not Eligible","Eligible") -> Eligible
A10: 109 | B10: ajith | C10: EEE | D10: 99 | E10: 35 | F10: 80 | G10: 67 | H10: 12 | I10: 0.78 | J10: =SUM(D10:H10) -> 293 | K10: =AVERAGE(D10:H10) -> 58.6 | L10: =IF(MIN(D10:H10)>=50,"PASS","FAIL") -> FAIL | M10: 90 | N10: =IF(M10>=85,"A",IF(M10>=70,"B",IF(M10>=50,"C","F"))) -> A | O10: =IF(I10<75%,"Not Eligible","Eligible") -> Eligible

Sheet Sheet2
A1: TOTAL STUDENT | B1: NO OF PASS | C1: NO OF FAIL | D1: AVERAGE ATTENDANCE | E1: TOPPER STUDENT NAME
A2: =COUNTA(Sheet1!A2:A10) -> 9 | B2: =COUNTIF(Sheet1!L2:L10,"PASS") -> 3 | C2: =COUNTIF(Sheet1!L2:L10,"FAIL") -> 6 | D2: =AVERAGE(Sheet1!K2:K10) -> 72.8 | E2: =INDEX(Sheet1!B2:B10, MATCH(MAX(Sheet1!J2:J10), Sheet1!J2:J10, 0)) -> anu
